{
"lengthUnit": "mil",
"remark": [],
"components": {
	"fields": ["COMPONENT_NO", "COMPONENT_NAME", "LAYER", "X_COORDINATE", "Y_COORDINATE", "ANGLE"],
	"rows": [
		[1, "C1", "T", 1530, -1010, 90],
		[2, "C2", "T", 890, -1040, 0],
		[3, "H1", "T", 1670, -235, 0],
		[4, "LED", "T", 255, -820, 270],
		[5, "R1", "T", 445, -375, 180],
		[6, "R2", "T", 475, -645, 90],
		[7, "R3", "T", 285, -1005, 90],
		[8, "U2", "T", 1010, -465, 0],
		[9, "PAD1", "T", 1530, -982.44, 0],
		[10, "PAD2", "T", 1530, -1037.56, 0],
		[11, "PAD3", "T", 917.56, -1040, 0],
		[12, "PAD4", "T", 862.44, -1040, 0],
		[13, "PAD5", "T", 1620, -235, 0],
		[14, "PAD5", "B", 1620, -235, 0],
		[15, "PAD6", "T", 1720, -235, 0],
		[16, "PAD6", "B", 1720, -235, 0],
		[17, "PAD7", "T", 415.34, -375, 0],
		[18, "PAD8", "T", 474.66, -375, 0],
		[19, "PAD9", "T", 475, -615.34, 0],
		[20, "PAD10", "T", 475, -674.66, 0],
		[21, "PAD11", "T", 285, -975.34, 0],
		[22, "PAD12", "T", 285, -1034.66, 0],
		[23, "PAD13", "T", 860, -615, 0],
		[24, "PAD13", "B", 860, -615, 0],
		[25, "PAD14", "T", 960, -615, 0],
		[26, "PAD14", "B", 960, -615, 0],
		[27, "PAD15", "T", 1060, -615, 0],
		[28, "PAD15", "B", 1060, -615, 0],
		[29, "PAD16", "T", 1160, -615, 0],
		[30, "PAD16", "B", 1160, -615, 0],
		[31, "PAD17", "T", 1160, -315, 0],
		[32, "PAD17", "B", 1160, -315, 0],
		[33, "PAD18", "T", 1060, -315, 0],
		[34, "PAD18", "B", 1060, -315, 0],
		[35, "PAD19", "T", 960, -315, 0],
		[36, "PAD19", "B", 960, -315, 0],
		[37, "PAD20", "T", 860, -315, 0],
		[38, "PAD20", "B", 860, -315, 0],
		[39, "PAD21", "T", 255, -775.12, 0],
		[40, "PAD21", "B", 255, -775.12, 0],
		[41, "PAD22", "T", 255, -864.88, 0],
		[42, "PAD22", "B", 255, -864.88, 0]
	]
},
"pins": {
	"fields": ["PIN_NO", "PIN_NAME", "PIN_X", "PIN_Y", "LAYER", "PIN_TYPE", "NET_NAME", "NET_TYPE", "PAD_SHAPE", "PAD_SIZEX", "PAD_SIZEY", "HOLE_SIZE", "HOLE_LEN", "PAD_ANGLE"],
	"rows": [
		[1, "C1_1", 1530, -1037.56, "T", "SMD", "GND", "GND", "R", 31.496, 35.433, 0, 0, 90],
		[2, "C1_2", 1530, -982.44, "T", "SMD", "$1N853", "", "R", 31.496, 35.433, 0, 0, 90],
		[3, "C2_1", 862.44, -1040, "T", "SMD", "GND", "GND", "R", 31.496, 35.433, 0, 0, 0],
		[4, "C2_2", 917.56, -1040, "T", "SMD", "$1N860", "", "R", 31.496, 35.433, 0, 0, 0],
		[5, "H1_1", 1620, -235, "T", "DIP", "+5V", "", "R", 66.929, 66.929, 39.37, 39.37, 0],
		[6, "H1_1", 1620, -235, "B", "DIP", "+5V", "", "R", 66.929, 66.929, 39.37, 39.37, 0],
		[7, "H1_2", 1720, -235, "T", "DIP", "GND", "GND", "C", 66.929, 66.929, 39.37, 39.37, 0],
		[8, "H1_2", 1720, -235, "B", "DIP", "GND", "GND", "C", 66.929, 66.929, 39.37, 39.37, 0],
		[9, "LED_1", 255, -864.88, "T", "DIP", "$1N982", "", "C", 60, 60, 36, 36, 270],
		[10, "LED_1", 255, -864.88, "B", "DIP", "$1N982", "", "C", 60, 60, 36, 36, 270],
		[11, "LED_2", 255, -775.12, "T", "DIP", "$1N977", "", "C", 60, 60, 36, 36, 270],
		[12, "LED_2", 255, -775.12, "B", "DIP", "$1N977", "", "C", 60, 60, 36, 36, 270],
		[13, "R1_1", 474.66, -375, "T", "SMD", "$1N687", "", "R", 31.751, 34.016, 0, 0, 180],
		[14, "R1_2", 415.34, -375, "T", "SMD", "+5V", "", "R", 31.751, 34.016, 0, 0, 180],
		[15, "R2_1", 475, -674.66, "T", "SMD", "$1N860", "", "R", 31.751, 34.016, 0, 0, 90],
		[16, "R2_2", 475, -615.34, "T", "SMD", "$1N687", "", "R", 31.751, 34.016, 0, 0, 90],
		[17, "R3_1", 285, -1034.66, "T", "SMD", "GND", "GND", "R", 31.751, 34.016, 0, 0, 90],
		[18, "R3_2", 285, -975.34, "T", "SMD", "$1N982", "", "R", 31.751, 34.016, 0, 0, 90],
		[19, "U2_1", 860, -615, "T", "DIP", "GND", "GND", "R", 55, 55, 28, 28, 360],
		[20, "U2_1", 860, -615, "B", "DIP", "GND", "GND", "R", 55, 55, 28, 28, 360],
		[21, "U2_2", 960, -615, "T", "DIP", "$1N860", "", "C", 55, 55, 28, 28, 360],
		[22, "U2_2", 960, -615, "B", "DIP", "$1N860", "", "C", 55, 55, 28, 28, 360],
		[23, "U2_3", 1060, -615, "T", "DIP", "$1N977", "", "C", 55, 55, 28, 28, 360],
		[24, "U2_3", 1060, -615, "B", "DIP", "$1N977", "", "C", 55, 55, 28, 28, 360],
		[25, "U2_4", 1160, -615, "T", "DIP", "+5V", "", "C", 55, 55, 28, 28, 360],
		[26, "U2_4", 1160, -615, "B", "DIP", "+5V", "", "C", 55, 55, 28, 28, 360],
		[27, "U2_5", 1160, -315, "T", "DIP", "$1N853", "", "C", 55, 55, 28, 28, 360],
		[28, "U2_5", 1160, -315, "B", "DIP", "$1N853", "", "C", 55, 55, 28, 28, 360],
		[29, "U2_6", 1060, -315, "T", "DIP", "$1N860", "", "C", 55, 55, 28, 28, 360],
		[30, "U2_6", 1060, -315, "B", "DIP", "$1N860", "", "C", 55, 55, 28, 28, 360],
		[31, "U2_7", 960, -315, "T", "DIP", "$1N687", "", "C", 55, 55, 28, 28, 360],
		[32, "U2_7", 960, -315, "B", "DIP", "$1N687", "", "C", 55, 55, 28, 28, 360],
		[33, "U2_8", 860, -315, "T", "DIP", "+5V", "", "C", 55, 55, 28, 28, 360],
		[34, "U2_8", 860, -315, "B", "DIP", "+5V", "", "C", 55, 55, 28, 28, 360],
		[35, "PAD1_2", 1530, -982.44, "T", "SMD", "$1N853", "", "R", 31.496, 35.433, 0, 0, 90],
		[36, "PAD2_1", 1530, -1037.56, "T", "SMD", "GND", "GND", "R", 31.496, 35.433, 0, 0, 90],
		[37, "PAD3_2", 917.56, -1040, "T", "SMD", "$1N860", "", "R", 31.496, 35.433, 0, 0, 0],
		[38, "PAD4_1", 862.44, -1040, "T", "SMD", "GND", "GND", "R", 31.496, 35.433, 0, 0, 0],
		[39, "PAD5_1", 1620, -235, "T", "DIP", "+5V", "", "R", 66.929, 66.929, 39.37, 39.37, 0],
		[40, "PAD5_1", 1620, -235, "B", "DIP", "+5V", "", "R", 66.929, 66.929, 39.37, 39.37, 0],
		[41, "PAD6_2", 1720, -235, "T", "DIP", "GND", "GND", "C", 66.929, 66.929, 39.37, 39.37, 0],
		[42, "PAD6_2", 1720, -235, "B", "DIP", "GND", "GND", "C", 66.929, 66.929, 39.37, 39.37, 0],
		[43, "PAD7_2", 415.34, -375, "T", "SMD", "+5V", "", "R", 31.751, 34.016, 0, 0, 180],
		[44, "PAD8_1", 474.66, -375, "T", "SMD", "$1N687", "", "R", 31.751, 34.016, 0, 0, 180],
		[45, "PAD9_2", 475, -615.34, "T", "SMD", "$1N687", "", "R", 31.751, 34.016, 0, 0, 90],
		[46, "PAD10_1", 475, -674.66, "T", "SMD", "$1N860", "", "R", 31.751, 34.016, 0, 0, 90],
		[47, "PAD11_2", 285, -975.34, "T", "SMD", "$1N982", "", "R", 31.751, 34.016, 0, 0, 90],
		[48, "PAD12_1", 285, -1034.66, "T", "SMD", "GND", "GND", "R", 31.751, 34.016, 0, 0, 90],
		[49, "PAD13_1", 860, -615, "T", "DIP", "GND", "GND", "R", 55, 55, 28, 28, 360],
		[50, "PAD13_1", 860, -615, "B", "DIP", "GND", "GND", "R", 55, 55, 28, 28, 360],
		[51, "PAD14_2", 960, -615, "T", "DIP", "$1N860", "", "C", 55, 55, 28, 28, 360],
		[52, "PAD14_2", 960, -615, "B", "DIP", "$1N860", "", "C", 55, 55, 28, 28, 360],
		[53, "PAD15_3", 1060, -615, "T", "DIP", "$1N977", "", "C", 55, 55, 28, 28, 360],
		[54, "PAD15_3", 1060, -615, "B", "DIP", "$1N977", "", "C", 55, 55, 28, 28, 360],
		[55, "PAD16_4", 1160, -615, "T", "DIP", "+5V", "", "C", 55, 55, 28, 28, 360],
		[56, "PAD16_4", 1160, -615, "B", "DIP", "+5V", "", "C", 55, 55, 28, 28, 360],
		[57, "PAD17_5", 1160, -315, "T", "DIP", "$1N853", "", "C", 55, 55, 28, 28, 360],
		[58, "PAD17_5", 1160, -315, "B", "DIP", "$1N853", "", "C", 55, 55, 28, 28, 360],
		[59, "PAD18_6", 1060, -315, "T", "DIP", "$1N860", "", "C", 55, 55, 28, 28, 360],
		[60, "PAD18_6", 1060, -315, "B", "DIP", "$1N860", "", "C", 55, 55, 28, 28, 360],
		[61, "PAD19_7", 960, -315, "T", "DIP", "$1N687", "", "C", 55, 55, 28, 28, 360],
		[62, "PAD19_7", 960, -315, "B", "DIP", "$1N687", "", "C", 55, 55, 28, 28, 360],
		[63, "PAD20_8", 860, -315, "T", "DIP", "+5V", "", "C", 55, 55, 28, 28, 360],
		[64, "PAD20_8", 860, -315, "B", "DIP", "+5V", "", "C", 55, 55, 28, 28, 360],
		[65, "PAD21_2", 255, -775.12, "T", "DIP", "$1N977", "", "C", 60, 60, 36, 36, 270],
		[66, "PAD21_2", 255, -775.12, "B", "DIP", "$1N977", "", "C", 60, 60, 36, 36, 270],
		[67, "PAD22_1", 255, -864.88, "T", "DIP", "$1N982", "", "C", 60, 60, 36, 36, 270],
		[68, "PAD22_1", 255, -864.88, "B", "DIP", "$1N982", "", "C", 60, 60, 36, 36, 270]
	]
}
}