{
"lengthUnit": "mil",
"remark": [],
"components": {
	"fields": ["COMPONENT_NO", "COMPONENT_NAME", "LAYER", "X_COORDINATE", "Y_COORDINATE", "ANGLE"],
	"rows": [
		[1, "C1", "T", 1105, -1360, 270],
		[2, "C2", "T", 790, -1360, 270],
		[3, "C3", "T", 1305, -885, 180],
		[4, "C4", "T", 1595, -1235, 90],
		[5, "C5", "T", 1585, -860, 270],
		[6, "C6", "T", 1065, -850, 180],
		[7, "C7", "T", 910, -850, 0],
		[8, "H1", "T", 2375, -1085, 270],
		[9, "LED1", "T", 2180, -820, 180],
		[10, "LED2", "T", 2185, -1070, 180],
		[11, "LED3", "T", 2185, -950, 180],
		[12, "R1", "T", 1945, -820, 180],
		[13, "R2", "T", 1945, -1070, 180],
		[14, "R3", "T", 1945, -945, 180],
		[15, "U1", "T", 1135, -1085, 180],
		[16, "U2", "T", 1595, -1035, 90],
		[17, "USB4", "T", 345, -1075, 270],
		[18, "X3", "T", 995, -690, 0],
		[19, "PAD1", "T", 1595, -1207.44, 0],
		[20, "PAD2", "T", 1595, -1262.56, 0],
		[21, "PAD3", "T", 1585, -887.56, 0],
		[22, "PAD4", "T", 1585, -832.44, 0],
		[23, "PAD5", "T", 1105, -1387.56, 0],
		[24, "PAD6", "T", 1105, -1332.44, 0],
		[25, "PAD7", "T", 790, -1387.56, 0],
		[26, "PAD8", "T", 790, -1332.44, 0],
		[27, "PAD9", "T", 1277.44, -885, 0],
		[28, "PAD10", "T", 1332.56, -885, 0],
		[29, "PAD11", "T", 1037.44, -850, 0],
		[30, "PAD12", "T", 1092.56, -850, 0],
		[31, "PAD13", "T", 937.56, -850, 0],
		[32, "PAD14", "T", 882.44, -850, 0],
		[33, "PAD15", "T", 2375, -1242.48, 0],
		[34, "PAD15", "B", 2375, -1242.48, 0],
		[35, "PAD16", "T", 2375, -1163.74, 0],
		[36, "PAD16", "B", 2375, -1163.74, 0],
		[37, "PAD17", "T", 2375, -1085, 0],
		[38, "PAD17", "B", 2375, -1085, 0],
		[39, "PAD18", "T", 2375, -1006.26, 0],
		[40, "PAD18", "B", 2375, -1006.26, 0],
		[41, "PAD19", "T", 2375, -927.52, 0],
		[42, "PAD19", "B", 2375, -927.52, 0],
		[43, "PAD20", "T", 2213.5, -819.6, 0],
		[44, "PAD21", "T", 2150.5, -819.8, 0],
		[45, "PAD22", "T", 2218.5, -1069.6, 0],
		[46, "PAD23", "T", 2155.5, -1069.8, 0],
		[47, "PAD24", "T", 2218.5, -949.6, 0],
		[48, "PAD25", "T", 2155.5, -949.8, 0],
		[49, "PAD26", "T", 1915.34, -820, 0],
		[50, "PAD27", "T", 1974.66, -820, 0],
		[51, "PAD28", "T", 1915.34, -1070, 0],
		[52, "PAD29", "T", 1974.66, -1070, 0],
		[53, "PAD30", "T", 1915.34, -945, 0],
		[54, "PAD31", "T", 1974.66, -945, 0],
		[55, "PAD32", "T", 1310, -977.3, 0],
		[56, "PAD33", "T", 1260, -977.3, 0],
		[57, "PAD34", "T", 1210, -977.3, 0],
		[58, "PAD35", "T", 1160, -977.3, 0],
		[59, "PAD36", "T", 1110, -977.3, 0],
		[60, "PAD37", "T", 1060, -977.3, 0],
		[61, "PAD38", "T", 1010, -977.3, 0],
		[62, "PAD39", "T", 960, -977.3, 0],
		[63, "PAD40", "T", 1310, -1192.7, 0],
		[64, "PAD41", "T", 1632.4, -991.64, 0],
		[65, "PAD42", "T", 1557.6, -991.64, 0],
		[66, "PAD43", "T", 1595, -1078.36, 0],
		[67, "PAD44", "T", 384.37, -1212.79, 0],
		[68, "PAD44", "B", 384.37, -1212.79, 0],
		[69, "PAD45", "T", 384.37, -1114.37, 0],
		[70, "PAD45", "B", 384.37, -1114.37, 0],
		[71, "PAD46", "T", 384.37, -1035.63, 0],
		[72, "PAD46", "B", 384.37, -1035.63, 0],
		[73, "PAD47", "T", 384.37, -937.2, 0],
		[74, "PAD47", "B", 384.37, -937.2, 0],
		[75, "PAD48", "T", 305.63, -1311.22, 0],
		[76, "PAD48", "B", 305.63, -1311.22, 0],
		[77, "PAD49", "T", 305.63, -838.78, 0],
		[78, "PAD49", "B", 305.63, -838.78, 0],
		[79, "PAD50", "T", 815.75, -690, 0],
		[80, "PAD51", "T", 1174.25, -690, 0]
	]
},
"pins": {
	"fields": ["PIN_NO", "PIN_NAME", "PIN_X", "PIN_Y", "LAYER", "PIN_TYPE", "NET_NAME", "NET_TYPE", "PAD_SHAPE", "PAD_SIZEX", "PAD_SIZEY", "HOLE_SIZE", "HOLE_LEN", "PAD_ANGLE"],
	"rows": [
		[1, "C1_1", 1105, -1332.44, "T", "SMD", "VCC", "", "R", 31.496, 35.433, 0, 0, 270],
		[2, "C1_2", 1105, -1387.56, "T", "SMD", "GND", "GND", "R", 31.496, 35.433, 0, 0, 270],
		[3, "C2_1", 790, -1332.44, "T", "SMD", "VCC", "", "R", 31.496, 35.433, 0, 0, 270],
		[4, "C2_2", 790, -1387.56, "T", "SMD", "GND", "GND", "R", 31.496, 35.433, 0, 0, 270],
		[5, "C3_1", 1332.56, -885, "T", "SMD", "GND", "GND", "R", 31.496, 35.433, 0, 0, 180],
		[6, "C3_2", 1277.44, -885, "T", "SMD", "$1N1454", "", "R", 31.496, 35.433, 0, 0, 180],
		[7, "C4_1", 1595, -1262.56, "T", "SMD", "GND", "GND", "R", 31.496, 35.433, 0, 0, 90],
		[8, "C4_2", 1595, -1207.44, "T", "SMD", "VCC", "", "R", 31.496, 35.433, 0, 0, 90],
		[9, "C5_1", 1585, -832.44, "T", "SMD", "GND", "GND", "R", 31.496, 35.433, 0, 0, 270],
		[10, "C5_2", 1585, -887.56, "T", "SMD", "3.3", "", "R", 31.496, 35.433, 0, 0, 270],
		[11, "C6_1", 1092.56, -850, "T", "SMD", "GND", "GND", "R", 31.496, 35.433, 0, 0, 180],
		[12, "C6_2", 1037.44, -850, "T", "SMD", "$1N2048", "", "R", 31.496, 35.433, 0, 0, 180],
		[13, "C7_1", 882.44, -850, "T", "SMD", "GND", "GND", "R", 31.496, 35.433, 0, 0, 0],
		[14, "C7_2", 937.56, -850, "T", "SMD", "$1N2110", "", "R", 31.496, 35.433, 0, 0, 0],
		[15, "H1_1", 2375, -927.52, "T", "DIP", "GND", "GND", "R", 55.118, 55.118, 31.496, 31.496, 270],
		[16, "H1_1", 2375, -927.52, "B", "DIP", "GND", "GND", "R", 55.118, 55.118, 31.496, 31.496, 270],
		[17, "H1_2", 2375, -1006.26, "T", "DIP", "RXD", "", "C", 55.118, 55.118, 31.496, 31.496, 270],
		[18, "H1_2", 2375, -1006.26, "B", "DIP", "RXD", "", "C", 55.118, 55.118, 31.496, 31.496, 270],
		[19, "H1_3", 2375, -1085, "T", "DIP", "TXD", "", "C", 55.118, 55.118, 31.496, 31.496, 270],
		[20, "H1_3", 2375, -1085, "B", "DIP", "TXD", "", "C", 55.118, 55.118, 31.496, 31.496, 270],
		[21, "H1_4", 2375, -1163.74, "T", "DIP", "3.3", "", "C", 55.118, 55.118, 31.496, 31.496, 270],
		[22, "H1_4", 2375, -1163.74, "B", "DIP", "3.3", "", "C", 55.118, 55.118, 31.496, 31.496, 270],
		[23, "H1_5", 2375, -1242.48, "T", "DIP", "VCC", "", "C", 55.118, 55.118, 31.496, 31.496, 270],
		[24, "H1_5", 2375, -1242.48, "B", "DIP", "VCC", "", "C", 55.118, 55.118, 31.496, 31.496, 270],
		[25, "LED1_1", 2213.5, -819.6, "T", "SMD", "GND", "GND", "R", 31.5, 31.5, 0, 0, 270],
		[26, "LED1_2", 2150.5, -819.8, "T", "SMD", "$1N2567", "", "R", 31.5, 31.5, 0, 0, 270],
		[27, "LED2_1", 2218.5, -1069.6, "T", "SMD", "TXD", "", "R", 31.5, 31.5, 0, 0, 270],
		[28, "LED2_2", 2155.5, -1069.8, "T", "SMD", "$1N2583", "", "R", 31.5, 31.5, 0, 0, 270],
		[29, "LED3_1", 2218.5, -949.6, "T", "SMD", "RXD", "", "R", 31.5, 31.5, 0, 0, 270],
		[30, "LED3_2", 2155.5, -949.8, "T", "SMD", "$1N2588", "", "R", 31.5, 31.5, 0, 0, 270],
		[31, "R1_1", 1974.66, -820, "T", "SMD", "$1N2567", "", "R", 31.751, 34.016, 0, 0, 180],
		[32, "R1_2", 1915.34, -820, "T", "SMD", "3.3", "", "R", 31.751, 34.016, 0, 0, 180],
		[33, "R2_1", 1974.66, -1070, "T", "SMD", "$1N2583", "", "R", 31.751, 34.016, 0, 0, 180],
		[34, "R2_2", 1915.34, -1070, "T", "SMD", "3.3", "", "R", 31.751, 34.016, 0, 0, 180],
		[35, "R3_1", 1974.66, -945, "T", "SMD", "$1N2588", "", "R", 31.751, 34.016, 0, 0, 180],
		[36, "R3_2", 1915.34, -945, "T", "SMD", "3.3", "", "R", 31.751, 34.016, 0, 0, 180],
		[37, "U1_1", 1310, -977.3, "T", "SMD", "GND", "GND", "O", 23.701, 77.598, 0, 0, 180],
		[38, "U1_2", 1260, -977.3, "T", "SMD", "TXD", "", "O", 23.701, 77.598, 0, 0, 180],
		[39, "U1_3", 1210, -977.3, "T", "SMD", "RXD", "", "O", 23.701, 77.598, 0, 0, 180],
		[40, "U1_4", 1160, -977.3, "T", "SMD", "$1N1454", "", "O", 23.701, 77.598, 0, 0, 180],
		[41, "U1_5", 1110, -977.3, "T", "SMD", "D+", "", "O", 23.701, 77.598, 0, 0, 180],
		[42, "U1_6", 1060, -977.3, "T", "SMD", "D-", "", "O", 23.701, 77.598, 0, 0, 180],
		[43, "U1_7", 1010, -977.3, "T", "SMD", "$1N2048", "", "O", 23.701, 77.598, 0, 0, 180],
		[44, "U1_8", 960, -977.3, "T", "SMD", "$1N2110", "", "O", 23.701, 77.598, 0, 0, 180],
		[45, "U1_9", 960, -1192.7, "T", "SMD", "NET_1", "", "O", 23.701, 77.598, 0, 0, 180],
		[46, "U1_10", 1010, -1192.7, "T", "SMD", "NET_2", "", "O", 23.701, 77.598, 0, 0, 180],
		[47, "U1_11", 1060, -1192.7, "T", "SMD", "NET_3", "", "O", 23.701, 77.598, 0, 0, 180],
		[48, "U1_12", 1110, -1192.7, "T", "SMD", "NET_4", "", "O", 23.701, 77.598, 0, 0, 180],
		[49, "U1_13", 1160, -1192.7, "T", "SMD", "NET_5", "", "O", 23.701, 77.598, 0, 0, 180],
		[50, "U1_14", 1210, -1192.7, "T", "SMD", "NET_6", "", "O", 23.701, 77.598, 0, 0, 180],
		[51, "U1_15", 1260, -1192.7, "T", "SMD", "NET_7", "", "O", 23.701, 77.598, 0, 0, 180],
		[52, "U1_16", 1310, -1192.7, "T", "SMD", "VCC", "", "O", 23.701, 77.598, 0, 0, 180],
		[53, "U2_1", 1632.4, -991.64, "T", "SMD", "GND", "GND", "R", 40.846, 20.945, 0, 0, 90],
		[54, "U2_2", 1557.6, -991.64, "T", "SMD", "3.3", "", "R", 40.846, 20.945, 0, 0, 90],
		[55, "U2_3", 1595, -1078.36, "T", "SMD", "VCC", "", "R", 40.846, 20.945, 0, 0, 90],
		[56, "USB4_1", 384.37, -1212.79, "T", "DIP", "VCC", "", "C", 62.992, 62.992, 39.37, 39.37, 180],
		[57, "USB4_1", 384.37, -1212.79, "B", "DIP", "VCC", "", "C", 62.992, 62.992, 39.37, 39.37, 180],
		[58, "USB4_2", 384.37, -1114.37, "T", "DIP", "D-", "", "C", 62.992, 62.992, 39.37, 39.37, 180],
		[59, "USB4_2", 384.37, -1114.37, "B", "DIP", "D-", "", "C", 62.992, 62.992, 39.37, 39.37, 180],
		[60, "USB4_3", 384.37, -1035.63, "T", "DIP", "D+", "", "C", 62.992, 62.992, 39.37, 39.37, 180],
		[61, "USB4_3", 384.37, -1035.63, "B", "DIP", "D+", "", "C", 62.992, 62.992, 39.37, 39.37, 180],
		[62, "USB4_4", 384.37, -937.2, "T", "DIP", "GND", "GND", "C", 62.992, 62.992, 39.37, 39.37, 180],
		[63, "USB4_4", 384.37, -937.2, "B", "DIP", "GND", "GND", "C", 62.992, 62.992, 39.37, 39.37, 180],
		[64, "USB4_MH1", 305.63, -1311.22, "T", "DIP", "GND", "GND", "C", 133.858, 133.858, 102.362, 102.362, 180],
		[65, "USB4_MH1", 305.63, -1311.22, "B", "DIP", "GND", "GND", "C", 133.858, 133.858, 102.362, 102.362, 180],
		[66, "USB4_MH2", 305.63, -838.78, "T", "DIP", "GND", "GND", "C", 133.858, 133.858, 102.362, 102.362, 180],
		[67, "USB4_MH2", 305.63, -838.78, "B", "DIP", "GND", "GND", "C", 133.858, 133.858, 102.362, 102.362, 180],
		[68, "X3_1", 815.75, -690, "T", "SMD", "$1N2110", "", "R", 216.535, 51.181, 0, 0, 180],
		[69, "X3_2", 1174.25, -690, "T", "SMD", "$1N2048", "", "R", 216.535, 51.181, 0, 0, 180],
		[70, "PAD1_2", 1595, -1207.44, "T", "SMD", "VCC", "", "R", 31.496, 35.433, 0, 0, 90],
		[71, "PAD2_1", 1595, -1262.56, "T", "SMD", "GND", "GND", "R", 31.496, 35.433, 0, 0, 90],
		[72, "PAD3_2", 1585, -887.56, "T", "SMD", "3.3", "", "R", 31.496, 35.433, 0, 0, 270],
		[73, "PAD4_1", 1585, -832.44, "T", "SMD", "GND", "GND", "R", 31.496, 35.433, 0, 0, 270],
		[74, "PAD5_2", 1105, -1387.56, "T", "SMD", "GND", "GND", "R", 31.496, 35.433, 0, 0, 270],
		[75, "PAD6_1", 1105, -1332.44, "T", "SMD", "VCC", "", "R", 31.496, 35.433, 0, 0, 270],
		[76, "PAD7_2", 790, -1387.56, "T", "SMD", "GND", "GND", "R", 31.496, 35.433, 0, 0, 270],
		[77, "PAD8_1", 790, -1332.44, "T", "SMD", "VCC", "", "R", 31.496, 35.433, 0, 0, 270],
		[78, "PAD9_2", 1277.44, -885, "T", "SMD", "$1N1454", "", "R", 31.496, 35.433, 0, 0, 180],
		[79, "PAD10_1", 1332.56, -885, "T", "SMD", "GND", "GND", "R", 31.496, 35.433, 0, 0, 180],
		[80, "PAD11_2", 1037.44, -850, "T", "SMD", "$1N2048", "", "R", 31.496, 35.433, 0, 0, 180],
		[81, "PAD12_1", 1092.56, -850, "T", "SMD", "GND", "GND", "R", 31.496, 35.433, 0, 0, 180],
		[82, "PAD13_2", 937.56, -850, "T", "SMD", "$1N2110", "", "R", 31.496, 35.433, 0, 0, 0],
		[83, "PAD14_1", 882.44, -850, "T", "SMD", "GND", "GND", "R", 31.496, 35.433, 0, 0, 0],
		[84, "PAD15_5", 2375, -1242.48, "T", "DIP", "VCC", "", "C", 55.118, 55.118, 31.496, 31.496, 270],
		[85, "PAD15_5", 2375, -1242.48, "B", "DIP", "VCC", "", "C", 55.118, 55.118, 31.496, 31.496, 270],
		[86, "PAD16_4", 2375, -1163.74, "T", "DIP", "3.3", "", "C", 55.118, 55.118, 31.496, 31.496, 270],
		[87, "PAD16_4", 2375, -1163.74, "B", "DIP", "3.3", "", "C", 55.118, 55.118, 31.496, 31.496, 270],
		[88, "PAD17_3", 2375, -1085, "T", "DIP", "TXD", "", "C", 55.118, 55.118, 31.496, 31.496, 270],
		[89, "PAD17_3", 2375, -1085, "B", "DIP", "TXD", "", "C", 55.118, 55.118, 31.496, 31.496, 270],
		[90, "PAD18_2", 2375, -1006.26, "T", "DIP", "RXD", "", "C", 55.118, 55.118, 31.496, 31.496, 270],
		[91, "PAD18_2", 2375, -1006.26, "B", "DIP", "RXD", "", "C", 55.118, 55.118, 31.496, 31.496, 270],
		[92, "PAD19_1", 2375, -927.52, "T", "DIP", "GND", "GND", "R", 55.118, 55.118, 31.496, 31.496, 270],
		[93, "PAD19_1", 2375, -927.52, "B", "DIP", "GND", "GND", "R", 55.118, 55.118, 31.496, 31.496, 270],
		[94, "PAD20_1", 2213.5, -819.6, "T", "SMD", "GND", "GND", "R", 31.5, 31.5, 0, 0, 270],
		[95, "PAD21_2", 2150.5, -819.8, "T", "SMD", "$1N2567", "", "R", 31.5, 31.5, 0, 0, 270],
		[96, "PAD22_1", 2218.5, -1069.6, "T", "SMD", "TXD", "", "R", 31.5, 31.5, 0, 0, 270],
		[97, "PAD23_2", 2155.5, -1069.8, "T", "SMD", "$1N2583", "", "R", 31.5, 31.5, 0, 0, 270],
		[98, "PAD24_1", 2218.5, -949.6, "T", "SMD", "RXD", "", "R", 31.5, 31.5, 0, 0, 270],
		[99, "PAD25_2", 2155.5, -949.8, "T", "SMD", "$1N2588", "", "R", 31.5, 31.5, 0, 0, 270],
		[100, "PAD26_2", 1915.34, -820, "T", "SMD", "3.3", "", "R", 31.751, 34.016, 0, 0, 180],
		[101, "PAD27_1", 1974.66, -820, "T", "SMD", "$1N2567", "", "R", 31.751, 34.016, 0, 0, 180],
		[102, "PAD28_2", 1915.34, -1070, "T", "SMD", "3.3", "", "R", 31.751, 34.016, 0, 0, 180],
		[103, "PAD29_1", 1974.66, -1070, "T", "SMD", "$1N2583", "", "R", 31.751, 34.016, 0, 0, 180],
		[104, "PAD30_2", 1915.34, -945, "T", "SMD", "3.3", "", "R", 31.751, 34.016, 0, 0, 180],
		[105, "PAD31_1", 1974.66, -945, "T", "SMD", "$1N2588", "", "R", 31.751, 34.016, 0, 0, 180],
		[106, "PAD32_1", 1310, -977.3, "T", "SMD", "GND", "GND", "O", 23.701, 77.598, 0, 0, 180],
		[107, "PAD33_2", 1260, -977.3, "T", "SMD", "TXD", "", "O", 23.701, 77.598, 0, 0, 180],
		[108, "PAD34_3", 1210, -977.3, "T", "SMD", "RXD", "", "O", 23.701, 77.598, 0, 0, 180],
		[109, "PAD35_4", 1160, -977.3, "T", "SMD", "$1N1454", "", "O", 23.701, 77.598, 0, 0, 180],
		[110, "PAD36_5", 1110, -977.3, "T", "SMD", "D+", "", "O", 23.701, 77.598, 0, 0, 180],
		[111, "PAD37_6", 1060, -977.3, "T", "SMD", "D-", "", "O", 23.701, 77.598, 0, 0, 180],
		[112, "PAD38_7", 1010, -977.3, "T", "SMD", "$1N2048", "", "O", 23.701, 77.598, 0, 0, 180],
		[113, "PAD39_8", 960, -977.3, "T", "SMD", "$1N2110", "", "O", 23.701, 77.598, 0, 0, 180],
		[114, "PAD40_16", 1310, -1192.7, "T", "SMD", "VCC", "", "O", 23.701, 77.598, 0, 0, 180],
		[115, "PAD41_1", 1632.4, -991.64, "T", "SMD", "GND", "GND", "R", 40.846, 20.945, 0, 0, 90],
		[116, "PAD42_2", 1557.6, -991.64, "T", "SMD", "3.3", "", "R", 40.846, 20.945, 0, 0, 90],
		[117, "PAD43_3", 1595, -1078.36, "T", "SMD", "VCC", "", "R", 40.846, 20.945, 0, 0, 90],
		[118, "PAD44_1", 384.37, -1212.79, "T", "DIP", "VCC", "", "C", 62.992, 62.992, 39.37, 39.37, 180],
		[119, "PAD44_1", 384.37, -1212.79, "B", "DIP", "VCC", "", "C", 62.992, 62.992, 39.37, 39.37, 180],
		[120, "PAD45_2", 384.37, -1114.37, "T", "DIP", "D-", "", "C", 62.992, 62.992, 39.37, 39.37, 180],
		[121, "PAD45_2", 384.37, -1114.37, "B", "DIP", "D-", "", "C", 62.992, 62.992, 39.37, 39.37, 180],
		[122, "PAD46_3", 384.37, -1035.63, "T", "DIP", "D+", "", "C", 62.992, 62.992, 39.37, 39.37, 180],
		[123, "PAD46_3", 384.37, -1035.63, "B", "DIP", "D+", "", "C", 62.992, 62.992, 39.37, 39.37, 180],
		[124, "PAD47_4", 384.37, -937.2, "T", "DIP", "GND", "GND", "C", 62.992, 62.992, 39.37, 39.37, 180],
		[125, "PAD47_4", 384.37, -937.2, "B", "DIP", "GND", "GND", "C", 62.992, 62.992, 39.37, 39.37, 180],
		[126, "PAD48_MH1", 305.63, -1311.22, "T", "DIP", "GND", "GND", "C", 133.858, 133.858, 102.362, 102.362, 180],
		[127, "PAD48_MH1", 305.63, -1311.22, "B", "DIP", "GND", "GND", "C", 133.858, 133.858, 102.362, 102.362, 180],
		[128, "PAD49_MH2", 305.63, -838.78, "T", "DIP", "GND", "GND", "C", 133.858, 133.858, 102.362, 102.362, 180],
		[129, "PAD49_MH2", 305.63, -838.78, "B", "DIP", "GND", "GND", "C", 133.858, 133.858, 102.362, 102.362, 180],
		[130, "PAD50_1", 815.75, -690, "T", "SMD", "$1N2110", "", "R", 216.535, 51.181, 0, 0, 180],
		[131, "PAD51_2", 1174.25, -690, "T", "SMD", "$1N2048", "", "R", 216.535, 51.181, 0, 0, 180]
	]
}
}