{
"lengthUnit": "mil",
"remark": [],
"components": {
	"fields": ["COMPONENT_NO", "COMPONENT_NAME", "LAYER", "X_COORDINATE", "Y_COORDINATE", "ANGLE"],
	"rows": [
		[1, "C3", "T", 1090, -1905, 90],
		[2, "C4", "T", 1405, -1305, 90],
		[3, "C6", "T", 490, -1010, 0],
		[4, "C8", "T", 645, -1940, 180],
		[5, "C9", "T", 1715, -1410, 270],
		[6, "C10", "T", 1375, -835, 270],
		[7, "C11", "T", 1760, -765, 270],
		[8, "D1", "T", 1660, -485, 180],
		[9, "D2", "T", 1305, -1520, 0],
		[10, "DC1", "T", 550, -420, 270],
		[11, "H1", "T", 1705, -1920, 270],
		[12, "H2", "T", 1355, -1920, 270],
		[13, "H3", "T", 1530, -1916.85, 270],
		[14, "L1", "T", 1190, -1305, 90],
		[15, "LED1", "T", 1760, -985, 90],
		[16, "SW1", "T", 1465, -235, 90],
		[17, "U1", "T", 900, -1000, 0],
		[18, "U2", "T", 755, -1450, 0],
		[19, "PAD1", "T", 1090, -1877.44, 0],
		[20, "PAD2", "T", 1090, -1932.56, 0],
		[21, "PAD3", "T", 1405, -1277.44, 0],
		[22, "PAD4", "T", 1405, -1332.56, 0],
		[23, "PAD5", "T", 517.56, -1010, 0],
		[24, "PAD6", "T", 462.44, -1010, 0],
		[25, "PAD7", "T", 1745.399, -484.999, 0],
		[26, "PAD8", "T", 1574.599, -484.999, 0],
		[27, "PAD9", "T", 1391.32, -1520, 0],
		[28, "PAD10", "T", 1218.68, -1520, 0],
		[29, "PAD11", "T", 642.515, -542.04, 0],
		[30, "PAD11", "B", 642.515, -542.04, 0],
		[31, "PAD12", "T", 642.525, -297.96, 0],
		[32, "PAD12", "B", 642.525, -297.96, 0],
		[33, "PAD13", "T", 457.475, -423.94, 0],
		[34, "PAD13", "B", 457.475, -423.94, 0],
		[35, "PAD14", "T", 1190, -1332.555, 0],
		[36, "PAD15", "T", 1190, -1277.445, 0],
		[37, "PAD16", "T", 1760.4, -1018.5, 0],
		[38, "PAD17", "T", 1760.2, -955.5, 0],
		[39, "PAD18", "T", 1460, -235, 0],
		[40, "PAD18", "B", 1460, -235, 0],
		[41, "PAD19", "T", 1580, -235, 0],
		[42, "PAD19", "B", 1580, -235, 0],
		[43, "PAD20", "T", 1016.927, -1090.55, 0],
		[44, "PAD21", "T", 1016.927, -909.45, 0],
		[45, "PAD22", "T", 783.072, -1000, 0],
		[46, "PAD23", "T", 958.144, -1583.86, 0],
		[47, "PAD24", "T", 958.144, -1516.93, 0],
		[48, "PAD25", "T", 958.144, -1450, 0],
		[49, "PAD26", "T", 958.144, -1383.07, 0],
		[50, "PAD27", "T", 958.144, -1316.14, 0],
		[51, "PAD28", "T", 551.855, -1450, 0],
		[52, "PAD29", "T", 713.896, -1940.001, 0],
		[53, "PAD29", "B", 713.896, -1940.001, 0],
		[54, "PAD30", "T", 576.096, -1940.001, 0],
		[55, "PAD30", "B", 576.096, -1940.001, 0],
		[56, "PAD31", "T", 1715.001, -1341.104, 0],
		[57, "PAD31", "B", 1715.001, -1341.104, 0],
		[58, "PAD32", "T", 1715.001, -1478.904, 0],
		[59, "PAD32", "B", 1715.001, -1478.904, 0],
		[60, "PAD33", "T", 1705, -1770, 0],
		[61, "PAD33", "B", 1705, -1770, 0],
		[62, "PAD34", "T", 1705, -1870, 0],
		[63, "PAD34", "B", 1705, -1870, 0],
		[64, "PAD35", "T", 1705, -1970, 0],
		[65, "PAD35", "B", 1705, -1970, 0],
		[66, "PAD36", "T", 1705, -2070, 0],
		[67, "PAD36", "B", 1705, -2070, 0],
		[68, "PAD37", "T", 1355, -1770, 0],
		[69, "PAD37", "B", 1355, -1770, 0],
		[70, "PAD38", "T", 1355, -1870, 0],
		[71, "PAD38", "B", 1355, -1870, 0],
		[72, "PAD39", "T", 1355, -1970, 0],
		[73, "PAD39", "B", 1355, -1970, 0],
		[74, "PAD40", "T", 1355, -2070, 0],
		[75, "PAD40", "B", 1355, -2070, 0],
		[76, "PAD41", "T", 1375, -933.425, 0],
		[77, "PAD41", "B", 1375, -933.425, 0],
		[78, "PAD42", "T", 1375, -736.575, 0],
		[79, "PAD42", "B", 1375, -736.575, 0],
		[80, "PAD43", "T", 1530, -1766.85, 0],
		[81, "PAD43", "B", 1530, -1766.85, 0],
		[82, "PAD44", "T", 1530, -1866.85, 0],
		[83, "PAD44", "B", 1530, -1866.85, 0],
		[84, "PAD45", "T", 1530, -1966.85, 0],
		[85, "PAD45", "B", 1530, -1966.85, 0],
		[86, "PAD46", "T", 1530, -2066.85, 0],
		[87, "PAD46", "B", 1530, -2066.85, 0],
		[88, "PAD47", "T", 1760, -792.56, 0],
		[89, "PAD48", "T", 1760, -737.44, 0]
	]
},
"pins": {
	"fields": ["PIN_NO", "PIN_NAME", "PIN_X", "PIN_Y", "LAYER", "PIN_TYPE", "NET_NAME", "NET_TYPE", "PAD_SHAPE", "PAD_SIZEX", "PAD_SIZEY", "HOLE_SIZE", "HOLE_LEN", "PAD_ANGLE"],
	"rows": [
		[1, "C3_1", 1090, -1932.56, "T", "SMD", "GND", "GND", "R", 31.496, 35.433, 0, 0, 90],
		[2, "C3_2", 1090, -1877.44, "T", "SMD", "12V", "", "R", 31.496, 35.433, 0, 0, 90],
		[3, "C4_1", 1405, -1332.56, "T", "SMD", "GND", "GND", "R", 31.496, 35.433, 0, 0, 90],
		[4, "C4_2", 1405, -1277.44, "T", "SMD", "VOUT", "", "R", 31.496, 35.433, 0, 0, 90],
		[5, "C6_1", 462.44, -1010, "T", "SMD", "GND", "GND", "R", 31.496, 35.433, 0, 0, 0],
		[6, "C6_2", 517.56, -1010, "T", "SMD", "3.3", "", "R", 31.496, 35.433, 0, 0, 0],
		[7, "C8_1", 713.896, -1940.001, "T", "DIP", "12V", "", "C", 62.992, 62.992, 39.37, 39.37, 270],
		[8, "C8_1", 713.896, -1940.001, "B", "DIP", "12V", "", "C", 62.992, 62.992, 39.37, 39.37, 270],
		[9, "C8_2", 576.096, -1940.001, "T", "DIP", "GND", "GND", "C", 62.992, 62.992, 39.37, 39.37, 270],
		[10, "C8_2", 576.096, -1940.001, "B", "DIP", "GND", "GND", "C", 62.992, 62.992, 39.37, 39.37, 270],
		[11, "C9_1", 1715.001, -1341.104, "T", "DIP", "VOUT", "", "C", 62.992, 62.992, 39.37, 39.37, 0],
		[12, "C9_1", 1715.001, -1341.104, "B", "DIP", "VOUT", "", "C", 62.992, 62.992, 39.37, 39.37, 0],
		[13, "C9_2", 1715.001, -1478.904, "T", "DIP", "GND", "GND", "C", 62.992, 62.992, 39.37, 39.37, 0],
		[14, "C9_2", 1715.001, -1478.904, "B", "DIP", "GND", "GND", "C", 62.992, 62.992, 39.37, 39.37, 0],
		[15, "C10_1", 1375, -736.575, "T", "DIP", "12V", "", "C", 62.992, 62.992, 39.37, 39.37, 270],
		[16, "C10_1", 1375, -736.575, "B", "DIP", "12V", "", "C", 62.992, 62.992, 39.37, 39.37, 270],
		[17, "C10_2", 1375, -933.425, "T", "DIP", "GND", "GND", "C", 62.992, 62.992, 39.37, 39.37, 270],
		[18, "C10_2", 1375, -933.425, "B", "DIP", "GND", "GND", "C", 62.992, 62.992, 39.37, 39.37, 270],
		[19, "C11_1", 1760, -737.44, "T", "SMD", "12V", "", "R", 31.496, 35.433, 0, 0, 270],
		[20, "C11_2", 1760, -792.56, "T", "SMD", "$1N638", "", "R", 31.496, 35.433, 0, 0, 270],
		[21, "D1_1", 1745.399, -484.999, "T", "SMD", "12V", "", "R", 80.566, 63.78, 0, 0, 180],
		[22, "D1_2", 1574.599, -484.999, "T", "SMD", "$1N361", "", "R", 80.566, 63.78, 0, 0, 180],
		[23, "D2_1", 1218.68, -1520, "T", "SMD", "$1N1721", "", "R", 70.866, 66.929, 0, 0, 0],
		[24, "D2_2", 1391.32, -1520, "T", "SMD", "GND", "GND", "R", 70.866, 66.929, 0, 0, 0],
		[25, "DC1_1", 642.515, -542.04, "T", "DIP", "$1N282", "", "O", 78.74, 181.102, 47.244, 145.67, 270],
		[26, "DC1_1", 642.515, -542.04, "B", "DIP", "$1N282", "", "O", 78.74, 181.102, 47.244, 145.67, 270],
		[27, "DC1_2", 642.525, -297.96, "T", "DIP", "GND", "GND", "O", 78.74, 181.102, 47.244, 145.67, 90],
		[28, "DC1_2", 642.525, -297.96, "B", "DIP", "GND", "GND", "O", 78.74, 181.102, 47.244, 145.67, 90],
		[29, "DC1_3", 457.475, -423.94, "T", "DIP", "GND", "GND", "O", 181.102, 78.74, 47.244, 145.67, 270],
		[30, "DC1_3", 457.475, -423.94, "B", "DIP", "GND", "GND", "O", 181.102, 78.74, 47.244, 145.67, 270],
		[31, "H1_1", 1705, -1770, "T", "DIP", "VOUT", "", "R", 66.929, 66.929, 43.308, 43.308, 270],
		[32, "H1_1", 1705, -1770, "B", "DIP", "VOUT", "", "R", 66.929, 66.929, 43.308, 43.308, 270],
		[33, "H1_2", 1705, -1870, "T", "DIP", "VOUT", "", "C", 66.929, 66.929, 43.308, 43.308, 270],
		[34, "H1_2", 1705, -1870, "B", "DIP", "VOUT", "", "C", 66.929, 66.929, 43.308, 43.308, 270],
		[35, "H1_3", 1705, -1970, "T", "DIP", "VOUT", "", "C", 66.929, 66.929, 43.308, 43.308, 270],
		[36, "H1_3", 1705, -1970, "B", "DIP", "VOUT", "", "C", 66.929, 66.929, 43.308, 43.308, 270],
		[37, "H1_4", 1705, -2070, "T", "DIP", "VOUT", "", "C", 66.929, 66.929, 43.308, 43.308, 270],
		[38, "H1_4", 1705, -2070, "B", "DIP", "VOUT", "", "C", 66.929, 66.929, 43.308, 43.308, 270],
		[39, "H2_1", 1355, -1770, "T", "DIP", "GND", "GND", "R", 66.929, 66.929, 43.308, 43.308, 270],
		[40, "H2_1", 1355, -1770, "B", "DIP", "GND", "GND", "R", 66.929, 66.929, 43.308, 43.308, 270],
		[41, "H2_2", 1355, -1870, "T", "DIP", "GND", "GND", "C", 66.929, 66.929, 43.308, 43.308, 270],
		[42, "H2_2", 1355, -1870, "B", "DIP", "GND", "GND", "C", 66.929, 66.929, 43.308, 43.308, 270],
		[43, "H2_3", 1355, -1970, "T", "DIP", "GND", "GND", "C", 66.929, 66.929, 43.308, 43.308, 270],
		[44, "H2_3", 1355, -1970, "B", "DIP", "GND", "GND", "C", 66.929, 66.929, 43.308, 43.308, 270],
		[45, "H2_4", 1355, -2070, "T", "DIP", "GND", "GND", "C", 66.929, 66.929, 43.308, 43.308, 270],
		[46, "H2_4", 1355, -2070, "B", "DIP", "GND", "GND", "C", 66.929, 66.929, 43.308, 43.308, 270],
		[47, "H3_1", 1530, -1766.85, "T", "DIP", "3.3", "", "R", 66.929, 66.929, 43.308, 43.308, 270],
		[48, "H3_1", 1530, -1766.85, "B", "DIP", "3.3", "", "R", 66.929, 66.929, 43.308, 43.308, 270],
		[49, "H3_2", 1530, -1866.85, "T", "DIP", "3.3", "", "C", 66.929, 66.929, 43.308, 43.308, 270],
		[50, "H3_2", 1530, -1866.85, "B", "DIP", "3.3", "", "C", 66.929, 66.929, 43.308, 43.308, 270],
		[51, "H3_3", 1530, -1966.85, "T", "DIP", "3.3", "", "C", 66.929, 66.929, 43.308, 43.308, 270],
		[52, "H3_3", 1530, -1966.85, "B", "DIP", "3.3", "", "C", 66.929, 66.929, 43.308, 43.308, 270],
		[53, "H3_4", 1530, -2066.85, "T", "DIP", "3.3", "", "C", 66.929, 66.929, 43.308, 43.308, 270],
		[54, "H3_4", 1530, -2066.85, "B", "DIP", "3.3", "", "C", 66.929, 66.929, 43.308, 43.308, 270],
		[55, "L1_1", 1190, -1332.555, "T", "SMD", "$1N1721", "", "R", 31.496, 34.016, 0, 0, 270],
		[56, "L1_2", 1190, -1277.445, "T", "SMD", "VOUT", "", "R", 31.496, 34.016, 0, 0, 270],
		[57, "LED1_1", 1760.4, -1018.5, "T", "SMD", "GND", "GND", "R", 31.5, 31.5, 0, 0, 180],
		[58, "LED1_2", 1760.2, -955.5, "T", "SMD", "$1N638", "", "R", 31.5, 31.5, 0, 0, 180],
		[59, "SW1_1", 1340, -235, "T", "DIP", "NET_1", "", "C", 60, 60, 39.37, 39.37, 90],
		[60, "SW1_1", 1340, -235, "B", "DIP", "NET_1", "", "C", 60, 60, 39.37, 39.37, 90],
		[61, "SW1_2", 1460, -235, "T", "DIP", "$1N282", "", "C", 60, 60, 39.37, 39.37, 90],
		[62, "SW1_2", 1460, -235, "B", "DIP", "$1N282", "", "C", 60, 60, 39.37, 39.37, 90],
		[63, "SW1_3", 1580, -235, "T", "DIP", "$1N361", "", "C", 60, 60, 39.37, 39.37, 90],
		[64, "SW1_3", 1580, -235, "B", "DIP", "$1N361", "", "C", 60, 60, 39.37, 39.37, 90],
		[65, "SW1_4", 1720, -235, "T", "DIP", "NET_2", "", "C", 86.614, 86.614, 59.056, 59.056, 90],
		[66, "SW1_4", 1720, -235, "B", "DIP", "NET_2", "", "C", 86.614, 86.614, 59.056, 59.056, 90],
		[67, "SW1_5", 1210, -235, "T", "DIP", "NET_3", "", "C", 86.614, 86.614, 59.056, 59.056, 90],
		[68, "SW1_5", 1210, -235, "B", "DIP", "NET_3", "", "C", 86.614, 86.614, 59.056, 59.056, 90],
		[69, "U1_1", 1016.927, -1090.55, "T", "SMD", "GND", "GND", "R", 98.425, 43.307, 0, 0, 0],
		[70, "U1_2", 1016.927, -1000, "T", "SMD", "NET_4", "", "R", 98.425, 43.307, 0, 0, 0],
		[71, "U1_3", 1016.927, -909.45, "T", "SMD", "12V", "", "R", 98.425, 43.307, 0, 0, 0],
		[72, "U1_4", 783.072, -1000, "T", "SMD", "3.3", "", "R", 92.126, 141.732, 0, 0, 0],
		[73, "U2_1", 958.144, -1583.86, "T", "SMD", "12V", "", "R", 121.371, 40.157, 0, 0, 0],
		[74, "U2_2", 958.144, -1516.93, "T", "SMD", "$1N1721", "", "R", 121.371, 40.157, 0, 0, 0],
		[75, "U2_3", 958.144, -1450, "T", "SMD", "GND", "GND", "R", 121.371, 40.157, 0, 0, 0],
		[76, "U2_4", 958.144, -1383.07, "T", "SMD", "VOUT", "", "R", 121.371, 40.157, 0, 0, 0],
		[77, "U2_5", 958.144, -1316.14, "T", "SMD", "GND", "GND", "R", 121.371, 40.157, 0, 0, 0],
		[78, "U2_6", 551.855, -1450, "T", "SMD", "GND", "GND", "R", 334.645, 433.07, 0, 0, 0],
		[79, "PAD1_2", 1090, -1877.44, "T", "SMD", "12V", "", "R", 31.496, 35.433, 0, 0, 90],
		[80, "PAD2_1", 1090, -1932.56, "T", "SMD", "GND", "GND", "R", 31.496, 35.433, 0, 0, 90],
		[81, "PAD3_2", 1405, -1277.44, "T", "SMD", "VOUT", "", "R", 31.496, 35.433, 0, 0, 90],
		[82, "PAD4_1", 1405, -1332.56, "T", "SMD", "GND", "GND", "R", 31.496, 35.433, 0, 0, 90],
		[83, "PAD5_2", 517.56, -1010, "T", "SMD", "3.3", "", "R", 31.496, 35.433, 0, 0, 0],
		[84, "PAD6_1", 462.44, -1010, "T", "SMD", "GND", "GND", "R", 31.496, 35.433, 0, 0, 0],
		[85, "PAD7_1", 1745.399, -484.999, "T", "SMD", "12V", "", "R", 80.566, 63.78, 0, 0, 180],
		[86, "PAD8_2", 1574.599, -484.999, "T", "SMD", "$1N361", "", "R", 80.566, 63.78, 0, 0, 180],
		[87, "PAD9_2", 1391.32, -1520, "T", "SMD", "GND", "GND", "R", 70.866, 66.929, 0, 0, 0],
		[88, "PAD10_1", 1218.68, -1520, "T", "SMD", "$1N1721", "", "R", 70.866, 66.929, 0, 0, 0],
		[89, "PAD11_1", 642.515, -542.04, "T", "DIP", "$1N282", "", "O", 78.74, 181.102, 47.244, 145.67, 270],
		[90, "PAD11_1", 642.515, -542.04, "B", "DIP", "$1N282", "", "O", 78.74, 181.102, 47.244, 145.67, 270],
		[91, "PAD12_2", 642.525, -297.96, "T", "DIP", "GND", "GND", "O", 78.74, 181.102, 47.244, 145.67, 90],
		[92, "PAD12_2", 642.525, -297.96, "B", "DIP", "GND", "GND", "O", 78.74, 181.102, 47.244, 145.67, 90],
		[93, "PAD13_3", 457.475, -423.94, "T", "DIP", "GND", "GND", "O", 181.102, 78.74, 47.244, 145.67, 270],
		[94, "PAD13_3", 457.475, -423.94, "B", "DIP", "GND", "GND", "O", 181.102, 78.74, 47.244, 145.67, 270],
		[95, "PAD14_1", 1190, -1332.555, "T", "SMD", "$1N1721", "", "R", 31.496, 34.016, 0, 0, 270],
		[96, "PAD15_2", 1190, -1277.445, "T", "SMD", "VOUT", "", "R", 31.496, 34.016, 0, 0, 270],
		[97, "PAD16_1", 1760.4, -1018.5, "T", "SMD", "GND", "GND", "R", 31.5, 31.5, 0, 0, 180],
		[98, "PAD17_2", 1760.2, -955.5, "T", "SMD", "$1N638", "", "R", 31.5, 31.5, 0, 0, 180],
		[99, "PAD18_2", 1460, -235, "T", "DIP", "$1N282", "", "C", 60, 60, 39.37, 39.37, 90],
		[100, "PAD18_2", 1460, -235, "B", "DIP", "$1N282", "", "C", 60, 60, 39.37, 39.37, 90],
		[101, "PAD19_3", 1580, -235, "T", "DIP", "$1N361", "", "C", 60, 60, 39.37, 39.37, 90],
		[102, "PAD19_3", 1580, -235, "B", "DIP", "$1N361", "", "C", 60, 60, 39.37, 39.37, 90],
		[103, "PAD20_1", 1016.927, -1090.55, "T", "SMD", "GND", "GND", "R", 98.425, 43.307, 0, 0, 0],
		[104, "PAD21_3", 1016.927, -909.45, "T", "SMD", "12V", "", "R", 98.425, 43.307, 0, 0, 0],
		[105, "PAD22_4", 783.072, -1000, "T", "SMD", "3.3", "", "R", 92.126, 141.732, 0, 0, 0],
		[106, "PAD23_1", 958.144, -1583.86, "T", "SMD", "12V", "", "R", 121.371, 40.157, 0, 0, 0],
		[107, "PAD24_2", 958.144, -1516.93, "T", "SMD", "$1N1721", "", "R", 121.371, 40.157, 0, 0, 0],
		[108, "PAD25_3", 958.144, -1450, "T", "SMD", "GND", "GND", "R", 121.371, 40.157, 0, 0, 0],
		[109, "PAD26_4", 958.144, -1383.07, "T", "SMD", "VOUT", "", "R", 121.371, 40.157, 0, 0, 0],
		[110, "PAD27_5", 958.144, -1316.14, "T", "SMD", "GND", "GND", "R", 121.371, 40.157, 0, 0, 0],
		[111, "PAD28_6", 551.855, -1450, "T", "SMD", "GND", "GND", "R", 334.645, 433.07, 0, 0, 0],
		[112, "PAD29_1", 713.896, -1940.001, "T", "DIP", "12V", "", "C", 62.992, 62.992, 39.37, 39.37, 270],
		[113, "PAD29_1", 713.896, -1940.001, "B", "DIP", "12V", "", "C", 62.992, 62.992, 39.37, 39.37, 270],
		[114, "PAD30_2", 576.096, -1940.001, "T", "DIP", "GND", "GND", "C", 62.992, 62.992, 39.37, 39.37, 270],
		[115, "PAD30_2", 576.096, -1940.001, "B", "DIP", "GND", "GND", "C", 62.992, 62.992, 39.37, 39.37, 270],
		[116, "PAD31_1", 1715.001, -1341.104, "T", "DIP", "VOUT", "", "C", 62.992, 62.992, 39.37, 39.37, 0],
		[117, "PAD31_1", 1715.001, -1341.104, "B", "DIP", "VOUT", "", "C", 62.992, 62.992, 39.37, 39.37, 0],
		[118, "PAD32_2", 1715.001, -1478.904, "T", "DIP", "GND", "GND", "C", 62.992, 62.992, 39.37, 39.37, 0],
		[119, "PAD32_2", 1715.001, -1478.904, "B", "DIP", "GND", "GND", "C", 62.992, 62.992, 39.37, 39.37, 0],
		[120, "PAD33_1", 1705, -1770, "T", "DIP", "VOUT", "", "R", 66.929, 66.929, 43.308, 43.308, 270],
		[121, "PAD33_1", 1705, -1770, "B", "DIP", "VOUT", "", "R", 66.929, 66.929, 43.308, 43.308, 270],
		[122, "PAD34_2", 1705, -1870, "T", "DIP", "VOUT", "", "C", 66.929, 66.929, 43.308, 43.308, 270],
		[123, "PAD34_2", 1705, -1870, "B", "DIP", "VOUT", "", "C", 66.929, 66.929, 43.308, 43.308, 270],
		[124, "PAD35_3", 1705, -1970, "T", "DIP", "VOUT", "", "C", 66.929, 66.929, 43.308, 43.308, 270],
		[125, "PAD35_3", 1705, -1970, "B", "DIP", "VOUT", "", "C", 66.929, 66.929, 43.308, 43.308, 270],
		[126, "PAD36_4", 1705, -2070, "T", "DIP", "VOUT", "", "C", 66.929, 66.929, 43.308, 43.308, 270],
		[127, "PAD36_4", 1705, -2070, "B", "DIP", "VOUT", "", "C", 66.929, 66.929, 43.308, 43.308, 270],
		[128, "PAD37_1", 1355, -1770, "T", "DIP", "GND", "GND", "R", 66.929, 66.929, 43.308, 43.308, 270],
		[129, "PAD37_1", 1355, -1770, "B", "DIP", "GND", "GND", "R", 66.929, 66.929, 43.308, 43.308, 270],
		[130, "PAD38_2", 1355, -1870, "T", "DIP", "GND", "GND", "C", 66.929, 66.929, 43.308, 43.308, 270],
		[131, "PAD38_2", 1355, -1870, "B", "DIP", "GND", "GND", "C", 66.929, 66.929, 43.308, 43.308, 270],
		[132, "PAD39_3", 1355, -1970, "T", "DIP", "GND", "GND", "C", 66.929, 66.929, 43.308, 43.308, 270],
		[133, "PAD39_3", 1355, -1970, "B", "DIP", "GND", "GND", "C", 66.929, 66.929, 43.308, 43.308, 270],
		[134, "PAD40_4", 1355, -2070, "T", "DIP", "GND", "GND", "C", 66.929, 66.929, 43.308, 43.308, 270],
		[135, "PAD40_4", 1355, -2070, "B", "DIP", "GND", "GND", "C", 66.929, 66.929, 43.308, 43.308, 270],
		[136, "PAD41_2", 1375, -933.425, "T", "DIP", "GND", "GND", "C", 62.992, 62.992, 39.37, 39.37, 270],
		[137, "PAD41_2", 1375, -933.425, "B", "DIP", "GND", "GND", "C", 62.992, 62.992, 39.37, 39.37, 270],
		[138, "PAD42_1", 1375, -736.575, "T", "DIP", "12V", "", "C", 62.992, 62.992, 39.37, 39.37, 270],
		[139, "PAD42_1", 1375, -736.575, "B", "DIP", "12V", "", "C", 62.992, 62.992, 39.37, 39.37, 270],
		[140, "PAD43_1", 1530, -1766.85, "T", "DIP", "3.3", "", "R", 66.929, 66.929, 43.308, 43.308, 270],
		[141, "PAD43_1", 1530, -1766.85, "B", "DIP", "3.3", "", "R", 66.929, 66.929, 43.308, 43.308, 270],
		[142, "PAD44_2", 1530, -1866.85, "T", "DIP", "3.3", "", "C", 66.929, 66.929, 43.308, 43.308, 270],
		[143, "PAD44_2", 1530, -1866.85, "B", "DIP", "3.3", "", "C", 66.929, 66.929, 43.308, 43.308, 270],
		[144, "PAD45_3", 1530, -1966.85, "T", "DIP", "3.3", "", "C", 66.929, 66.929, 43.308, 43.308, 270],
		[145, "PAD45_3", 1530, -1966.85, "B", "DIP", "3.3", "", "C", 66.929, 66.929, 43.308, 43.308, 270],
		[146, "PAD46_4", 1530, -2066.85, "T", "DIP", "3.3", "", "C", 66.929, 66.929, 43.308, 43.308, 270],
		[147, "PAD46_4", 1530, -2066.85, "B", "DIP", "3.3", "", "C", 66.929, 66.929, 43.308, 43.308, 270],
		[148, "PAD47_2", 1760, -792.56, "T", "SMD", "$1N638", "", "R", 31.496, 35.433, 0, 0, 270],
		[149, "PAD48_1", 1760, -737.44, "T", "SMD", "12V", "", "R", 31.496, 35.433, 0, 0, 270]
	]
}
}